<configuration>
  <module class="at.uibk.dps.ee.control.modules.EnactmentVerticleModule">
    <property name="pauseOnStart">true</property>
    <property name="deploymentNumber">8</property>
    <property name="delayInSeconds">0</property>
  </module>
  <module class="at.uibk.dps.ee.docker.modules.LocalDockerModule">
    <property name="usedOs">Unix</property>
  </module>
  <module class="at.uibk.dps.ee.enactables.modules.CoreFunctionsModule"/>
  <module class="at.uibk.dps.ee.io.modules.InputReaderFileModule">
    <property name="filePath">/home/ts/apriori-with-apollo/deployment/apriori/demoInput/input.json</property>
  </module>
  <module class="at.uibk.dps.ee.io.modules.LoggingModule">
    <property name="pathToConfigFile">/home/ts/apriori-with-apollo/deployment/apriori/logging/config/logback.xml</property>
  </module>
  <module class="at.uibk.dps.ee.io.modules.OutputPrinterModule"/>
  <module class="at.uibk.dps.ee.io.modules.SpecificationInputModule">
    <property name="filePathAfcl">/home/ts/apriori-with-apollo/deployment/apriori/demoInput/GARM.yaml</property>
    <property name="filePathMappingFile">/home/ts/apriori-with-apollo/deployment/apriori/demoInput/typeMappings.json</property>
  </module>
  <module class="at.uibk.dps.ee.visualization.modules.EnactmentViewerModule">
    <property name="closeOnTerminate">false</property>
    <property name="updatePeriodMs">100</property>
  </module>
  <module class="at.uibk.dps.sc.core.modules.SchedulerModule">
    <property name="schedulingMode">Random</property>
    <property name="mappingsToPick">1</property>
    <property name="sizeThresholdKb">10</property>
    <property name="resourceArbitration">FCFS</property>
  </module>
</configuration>
