<configuration debug="false">

	<contextName>Demo</contextName>
	<property name="fileDir" value="./logging/logs/"/>

	<appender name="STDOUT"
		class="ch.qos.logback.core.ConsoleAppender">
		<encoder>
			<pattern>%msg%n</pattern>
		</encoder>
	</appender>
	
	<!-- appender to write evth above the DEBUG into a file -->
	<appender name = "fileDebug" class = "ch.qos.logback.core.FileAppender">
	  	<file>${fileDir}debug.log</file>
	  	<append>false</append>
	  	<filter class = "ch.qos.logback.classic.filter.ThresholdFilter">
	  		<level>DEBUG</level>
	  	</filter>
	  	<encoder>
	  		<pattern>%date %level [%thread] %logger{10} [%file:%line] %msg from %contextName%n</pattern>
	  	</encoder>
  </appender>
  
  <!-- appender to write evth above the ERROR into a file -->
  <appender name = "fileError" class = "ch.qos.logback.core.FileAppender">
  	<file>${fileDir}error.log</file>
  	<append>false</append>
  	<filter class = "ch.qos.logback.classic.filter.ThresholdFilter">
  		<level>ERROR</level>
  	</filter>
  	<encoder>
  		<pattern>%date %level [%thread] %logger{10} [%file:%line] %msg from %contextName%n</pattern>
  	</encoder>
  </appender>


	<logger name="io.netty" level="WARN">
	</logger>
	


	<root level="info">
		<appender-ref ref="STDOUT" />
		<appender-ref ref="fileDebug" />
		<appender-ref ref="fileError" />
	</root>
</configuration>